[{"model": "orders.category", "pk": 1, "fields": {"name": "PST"}}, {"model": "orders.category", "pk": 2, "fields": {"name": "PZA"}}, {"model": "orders.category", "pk": 3, "fields": {"name": "SUB"}}, {"model": "orders.category", "pk": 4, "fields": {"name": "PLT"}}, {"model": "orders.category", "pk": 5, "fields": {"name": "SLD"}}, {"model": "orders.pizzatopping", "pk": 1, "fields": {"name": "Pepperoni"}}, {"model": "orders.pizzatopping", "pk": 2, "fields": {"name": "Sausage"}}, {"model": "orders.pizzatopping", "pk": 3, "fields": {"name": "Mushrooms"}}, {"model": "orders.pizzatopping", "pk": 4, "fields": {"name": "Onions"}}, {"model": "orders.pizzatopping", "pk": 5, "fields": {"name": "Ham"}}, {"model": "orders.pizzatopping", "pk": 6, "fields": {"name": "CanadianBacon"}}, {"model": "orders.pizzatopping", "pk": 7, "fields": {"name": "Pineapple"}}, {"model": "orders.pizzatopping", "pk": 8, "fields": {"name": "Eggplant"}}, {"model": "orders.pizzatopping", "pk": 9, "fields": {"name": "TomatoBasil"}}, {"model": "orders.pizzatopping", "pk": 10, "fields": {"name": "GreenPeppers"}}, {"model": "orders.pizzatopping", "pk": 11, "fields": {"name": "Hamburger"}}, {"model": "orders.pizzatopping", "pk": 12, "fields": {"name": "Spinach"}}, {"model": "orders.pizzatopping", "pk": 14, "fields": {"name": "Artichoke"}}, {"model": "orders.pizzatopping", "pk": 15, "fields": {"name": "Artichoke"}}, {"model": "orders.pizzatopping", "pk": 16, "fields": {"name": "BuffaloChicken"}}, {"model": "orders.pizzatopping", "pk": 17, "fields": {"name": "BarbecueChicken"}}, {"model": "orders.pizzatopping", "pk": 18, "fields": {"name": "Anchovies"}}, {"model": "orders.pizzatopping", "pk": 19, "fields": {"name": "FreshGarlic"}}, {"model": "orders.pizzatopping", "pk": 20, "fields": {"name": "BlackOlives"}}, {"model": "orders.pizzatopping", "pk": 21, "fields": {"name": "Zucchini"}}, {"model": "orders.cheesesteaktopping", "pk": 1, "fields": {"name": "MSH"}}, {"model": "orders.cheesesteaktopping", "pk": 2, "fields": {"name": "GPP"}}, {"model": "orders.cheesesteaktopping", "pk": 3, "fields": {"name": "ONS"}}, {"model": "orders.menuitem", "pk": 1, "fields": {"name": "Veggie", "priceSmall": "6.95", "priceLarge": "8.50", "pizzaStyle": "", "pizzaToppingsCount": 0, "category": 3}}, {"model": "orders.menuitem", "pk": 2, "fields": {"name": "Fried Chicken", "priceSmall": "6.95", "priceLarge": "8.50", "pizzaStyle": "", "pizzaToppingsCount": 0, "category": 3}}, {"model": "orders.menuitem", "pk": 3, "fields": {"name": "Cheeseburger", "priceSmall": "5.10", "priceLarge": "7.45", "pizzaStyle": "", "pizzaToppingsCount": 0, "category": 3}}, {"model": "orders.menuitem", "pk": 4, "fields": {"name": "Hamburger", "priceSmall": "4.60", "priceLarge": "6.95", "pizzaStyle": "", "pizzaToppingsCount": 0, "category": 3}}, {"model": "orders.menuitem", "pk": 5, "fields": {"name": "Sausage,  Peppers & Onions", "priceSmall": "8.50", "priceLarge": "8.50", "pizzaStyle": "", "pizzaToppingsCount": 0, "category": 3}}, {"model": "orders.menuitem", "pk": 6, "fields": {"name": "Steak + Cheese", "priceSmall": "6.95", "priceLarge": "8.50", "pizzaStyle": "", "pizzaToppingsCount": 0, "category": 3}}, {"model": "orders.menuitem", "pk": 7, "fields": {"name": "Steak", "priceSmall": "6.50", "priceLarge": "7.95", "pizzaStyle": "", "pizzaToppingsCount": 0, "category": 3}}, {"model": "orders.menuitem", "pk": 8, "fields": {"name": "Eggplant Parmigiana", "priceSmall": "6.50", "priceLarge": "7.95", "pizzaStyle": "", "pizzaToppingsCount": 0, "category": 3}}, {"model": "orders.menuitem", "pk": 9, "fields": {"name": "Chicken Parmigiana", "priceSmall": "7.50", "priceLarge": "8.50", "pizzaStyle": "", "pizzaToppingsCount": 0, "category": 3}}, {"model": "orders.menuitem", "pk": 10, "fields": {"name": "Turkey", "priceSmall": "6.50", "priceLarge": "7.95", "pizzaStyle": "", "pizzaToppingsCount": 0, "category": 3}}, {"model": "orders.menuitem", "pk": 11, "fields": {"name": "Tuna", "priceSmall": "6.50", "priceLarge": "7.95", "pizzaStyle": "", "pizzaToppingsCount": 0, "category": 3}}, {"model": "orders.menuitem", "pk": 12, "fields": {"name": "Meatball", "priceSmall": "6.50", "priceLarge": "7.95", "pizzaStyle": "", "pizzaToppingsCount": 0, "category": 3}}, {"model": "orders.menuitem", "pk": 13, "fields": {"name": "Ham & Cheese", "priceSmall": "6.50", "priceLarge": "7.95", "pizzaStyle": "", "pizzaToppingsCount": 0, "category": 3}}, {"model": "orders.menuitem", "pk": 14, "fields": {"name": "Italian", "priceSmall": "6.50", "priceLarge": "7.95", "pizzaStyle": "", "pizzaToppingsCount": 0, "category": 3}}, {"model": "orders.menuitem", "pk": 15, "fields": {"name": "Cheese", "priceSmall": "6.50", "priceLarge": "7.95", "pizzaStyle": "", "pizzaToppingsCount": 0, "category": 3}}, {"model": "orders.menuitem", "pk": 16, "fields": {"name": "Special", "priceSmall": "30.45", "priceLarge": "45.70", "pizzaStyle": "SCL", "pizzaToppingsCount": 5, "category": 2}}, {"model": "orders.menuitem", "pk": 17, "fields": {"name": "3 Topping", "priceSmall": "29.45", "priceLarge": "44.70", "pizzaStyle": "SCL", "pizzaToppingsCount": 3, "category": 2}}, {"model": "orders.menuitem", "pk": 18, "fields": {"name": "2 Topping", "priceSmall": "28.45", "priceLarge": "42.70", "pizzaStyle": "SCL", "pizzaToppingsCount": 2, "category": 2}}, {"model": "orders.menuitem", "pk": 19, "fields": {"name": "1 Topping", "priceSmall": "26.45", "priceLarge": "40.70", "pizzaStyle": "SCL", "pizzaToppingsCount": 1, "category": 2}}, {"model": "orders.menuitem", "pk": 20, "fields": {"name": "Cheese", "priceSmall": "24.45", "priceLarge": "38.70", "pizzaStyle": "SCL", "pizzaToppingsCount": 0, "category": 2}}, {"model": "orders.menuitem", "pk": 21, "fields": {"name": "Special", "priceSmall": "17.75", "priceLarge": "25.95", "pizzaStyle": "NML", "pizzaToppingsCount": 5, "category": 2}}, {"model": "orders.menuitem", "pk": 22, "fields": {"name": "3 Topping", "priceSmall": "16.20", "priceLarge": "23.95", "pizzaStyle": "NML", "pizzaToppingsCount": 3, "category": 2}}, {"model": "orders.menuitem", "pk": 23, "fields": {"name": "2 Toppings", "priceSmall": "15.20", "priceLarge": "21.95", "pizzaStyle": "NML", "pizzaToppingsCount": 2, "category": 2}}, {"model": "orders.menuitem", "pk": 24, "fields": {"name": "1 Topping", "priceSmall": "13.70", "priceLarge": "19.95", "pizzaStyle": "NML", "pizzaToppingsCount": 1, "category": 2}}, {"model": "orders.menuitem", "pk": 25, "fields": {"name": "Cheese", "priceSmall": "12.70", "priceLarge": "17.95", "pizzaStyle": "NML", "pizzaToppingsCount": 0, "category": 2}}, {"model": "orders.menuitem", "pk": 26, "fields": {"name": "Chicken Parm Platter", "priceSmall": "55.00", "priceLarge": "85.00", "pizzaStyle": "", "pizzaToppingsCount": 0, "category": 4}}, {"model": "orders.menuitem", "pk": 27, "fields": {"name": "Meatball Parm Platter", "priceSmall": "50.00", "priceLarge": "75.00", "pizzaStyle": "", "pizzaToppingsCount": 0, "category": 4}}, {"model": "orders.menuitem", "pk": 28, "fields": {"name": "Baked Ziti Platter", "priceSmall": "40.00", "priceLarge": "65.00", "pizzaStyle": "", "pizzaToppingsCount": 0, "category": 4}}, {"model": "orders.menuitem", "pk": 29, "fields": {"name": "Antipasto Platter", "priceSmall": "50.00", "priceLarge": "75.00", "pizzaStyle": "", "pizzaToppingsCount": 0, "category": 4}}, {"model": "orders.menuitem", "pk": 30, "fields": {"name": "Greek Salad Platter", "priceSmall": "50.00", "priceLarge": "75.00", "pizzaStyle": "", "pizzaToppingsCount": 0, "category": 4}}, {"model": "orders.menuitem", "pk": 31, "fields": {"name": "Garden Salad Platter", "priceSmall": "40.00", "priceLarge": "65.00", "pizzaStyle": "", "pizzaToppingsCount": 0, "category": 4}}, {"model": "orders.menuitem", "pk": 32, "fields": {"name": "Salad w/Tuna", "priceSmall": "8.25", "priceLarge": "8.25", "pizzaStyle": "", "pizzaToppingsCount": 0, "category": 5}}, {"model": "orders.menuitem", "pk": 33, "fields": {"name": "Antipasto", "priceSmall": "8.25", "priceLarge": "8.25", "pizzaStyle": "", "pizzaToppingsCount": 0, "category": 5}}, {"model": "orders.menuitem", "pk": 34, "fields": {"name": "Greek Salad", "priceSmall": "8.50", "priceLarge": "8.50", "pizzaStyle": "", "pizzaToppingsCount": 0, "category": 5}}, {"model": "orders.menuitem", "pk": 35, "fields": {"name": "Garden Salad", "priceSmall": "6.25", "priceLarge": "6.25", "pizzaStyle": "", "pizzaToppingsCount": 0, "category": 5}}, {"model": "orders.menuitem", "pk": 36, "fields": {"name": "Baked Ziti w/Chicken", "priceSmall": "9.75", "priceLarge": "9.75", "pizzaStyle": "", "pizzaToppingsCount": 0, "category": 1}}, {"model": "orders.menuitem", "pk": 37, "fields": {"name": "Baked Ziti w/Meatballs", "priceSmall": "8.75", "priceLarge": "8.75", "pizzaStyle": "", "pizzaToppingsCount": 0, "category": 1}}, {"model": "orders.menuitem", "pk": 38, "fields": {"name": "Baked Ziti w/Mozzarella", "priceSmall": "6.50", "priceLarge": "6.50", "pizzaStyle": "", "pizzaToppingsCount": 0, "category": 1}}, {"model": "orders.orderdetail", "pk": 2, "fields": {"order": 2, "item": 36, "size": "SM", "quantity": 1, "extraCheese": false, "total": "9.75", "notes": "", "toppings": [], "sandwichToppings": []}}, {"model": "orders.orderdetail", "pk": 4, "fields": {"order": 4, "item": 19, "size": "SM", "quantity": 1, "extraCheese": false, "total": "26.45", "notes": "", "toppings": [1], "sandwichToppings": []}}, {"model": "contenttypes.contenttype", "pk": 13, "fields": {"app_label": "orders", "model": "category"}}, {"model": "contenttypes.contenttype", "pk": 14, "fields": {"app_label": "orders", "model": "cheesesteaktopping"}}, {"model": "contenttypes.contenttype", "pk": 15, "fields": {"app_label": "orders", "model": "menuitem"}}, {"model": "contenttypes.contenttype", "pk": 16, "fields": {"app_label": "orders", "model": "order"}}, {"model": "contenttypes.contenttype", "pk": 17, "fields": {"app_label": "orders", "model": "pizzatopping"}}, {"model": "contenttypes.contenttype", "pk": 18, "fields": {"app_label": "orders", "model": "orderdetail"}}, {"model": "contenttypes.contenttype", "pk": 19, "fields": {"app_label": "admin", "model": "logentry"}}, {"model": "contenttypes.contenttype", "pk": 20, "fields": {"app_label": "auth", "model": "permission"}}, {"model": "contenttypes.contenttype", "pk": 21, "fields": {"app_label": "auth", "model": "group"}}, {"model": "contenttypes.contenttype", "pk": 22, "fields": {"app_label": "auth", "model": "user"}}, {"model": "contenttypes.contenttype", "pk": 23, "fields": {"app_label": "contenttypes", "model": "contenttype"}}, {"model": "contenttypes.contenttype", "pk": 24, "fields": {"app_label": "sessions", "model": "session"}}, {"model": "auth.permission", "pk": 49, "fields": {"name": "Can add category", "content_type": 13, "codename": "add_category"}}, {"model": "auth.permission", "pk": 50, "fields": {"name": "Can change category", "content_type": 13, "codename": "change_category"}}, {"model": "auth.permission", "pk": 51, "fields": {"name": "Can delete category", "content_type": 13, "codename": "delete_category"}}, {"model": "auth.permission", "pk": 52, "fields": {"name": "Can view category", "content_type": 13, "codename": "view_category"}}, {"model": "auth.permission", "pk": 53, "fields": {"name": "Can add cheesesteak topping", "content_type": 14, "codename": "add_cheesesteaktopping"}}, {"model": "auth.permission", "pk": 54, "fields": {"name": "Can change cheesesteak topping", "content_type": 14, "codename": "change_cheesesteaktopping"}}, {"model": "auth.permission", "pk": 55, "fields": {"name": "Can delete cheesesteak topping", "content_type": 14, "codename": "delete_cheesesteaktopping"}}, {"model": "auth.permission", "pk": 56, "fields": {"name": "Can view cheesesteak topping", "content_type": 14, "codename": "view_cheesesteaktopping"}}, {"model": "auth.permission", "pk": 57, "fields": {"name": "Can add menu item", "content_type": 15, "codename": "add_menuitem"}}, {"model": "auth.permission", "pk": 58, "fields": {"name": "Can change menu item", "content_type": 15, "codename": "change_menuitem"}}, {"model": "auth.permission", "pk": 59, "fields": {"name": "Can delete menu item", "content_type": 15, "codename": "delete_menuitem"}}, {"model": "auth.permission", "pk": 60, "fields": {"name": "Can view menu item", "content_type": 15, "codename": "view_menuitem"}}, {"model": "auth.permission", "pk": 61, "fields": {"name": "Can add order", "content_type": 16, "codename": "add_order"}}, {"model": "auth.permission", "pk": 62, "fields": {"name": "Can change order", "content_type": 16, "codename": "change_order"}}, {"model": "auth.permission", "pk": 63, "fields": {"name": "Can delete order", "content_type": 16, "codename": "delete_order"}}, {"model": "auth.permission", "pk": 64, "fields": {"name": "Can view order", "content_type": 16, "codename": "view_order"}}, {"model": "auth.permission", "pk": 65, "fields": {"name": "Can add pizza topping", "content_type": 17, "codename": "add_pizzatopping"}}, {"model": "auth.permission", "pk": 66, "fields": {"name": "Can change pizza topping", "content_type": 17, "codename": "change_pizzatopping"}}, {"model": "auth.permission", "pk": 67, "fields": {"name": "Can delete pizza topping", "content_type": 17, "codename": "delete_pizzatopping"}}, {"model": "auth.permission", "pk": 68, "fields": {"name": "Can view pizza topping", "content_type": 17, "codename": "view_pizzatopping"}}, {"model": "auth.permission", "pk": 69, "fields": {"name": "Can add order detail", "content_type": 18, "codename": "add_orderdetail"}}, {"model": "auth.permission", "pk": 70, "fields": {"name": "Can change order detail", "content_type": 18, "codename": "change_orderdetail"}}, {"model": "auth.permission", "pk": 71, "fields": {"name": "Can delete order detail", "content_type": 18, "codename": "delete_orderdetail"}}, {"model": "auth.permission", "pk": 72, "fields": {"name": "Can view order detail", "content_type": 18, "codename": "view_orderdetail"}}, {"model": "auth.permission", "pk": 73, "fields": {"name": "Can add log entry", "content_type": 19, "codename": "add_logentry"}}, {"model": "auth.permission", "pk": 74, "fields": {"name": "Can change log entry", "content_type": 19, "codename": "change_logentry"}}, {"model": "auth.permission", "pk": 75, "fields": {"name": "Can delete log entry", "content_type": 19, "codename": "delete_logentry"}}, {"model": "auth.permission", "pk": 76, "fields": {"name": "Can view log entry", "content_type": 19, "codename": "view_logentry"}}, {"model": "auth.permission", "pk": 77, "fields": {"name": "Can add permission", "content_type": 20, "codename": "add_permission"}}, {"model": "auth.permission", "pk": 78, "fields": {"name": "Can change permission", "content_type": 20, "codename": "change_permission"}}, {"model": "auth.permission", "pk": 79, "fields": {"name": "Can delete permission", "content_type": 20, "codename": "delete_permission"}}, {"model": "auth.permission", "pk": 80, "fields": {"name": "Can view permission", "content_type": 20, "codename": "view_permission"}}, {"model": "auth.permission", "pk": 81, "fields": {"name": "Can add group", "content_type": 21, "codename": "add_group"}}, {"model": "auth.permission", "pk": 82, "fields": {"name": "Can change group", "content_type": 21, "codename": "change_group"}}, {"model": "auth.permission", "pk": 83, "fields": {"name": "Can delete group", "content_type": 21, "codename": "delete_group"}}, {"model": "auth.permission", "pk": 84, "fields": {"name": "Can view group", "content_type": 21, "codename": "view_group"}}, {"model": "auth.permission", "pk": 85, "fields": {"name": "Can add user", "content_type": 22, "codename": "add_user"}}, {"model": "auth.permission", "pk": 86, "fields": {"name": "Can change user", "content_type": 22, "codename": "change_user"}}, {"model": "auth.permission", "pk": 87, "fields": {"name": "Can delete user", "content_type": 22, "codename": "delete_user"}}, {"model": "auth.permission", "pk": 88, "fields": {"name": "Can view user", "content_type": 22, "codename": "view_user"}}, {"model": "auth.permission", "pk": 89, "fields": {"name": "Can add content type", "content_type": 23, "codename": "add_contenttype"}}, {"model": "auth.permission", "pk": 90, "fields": {"name": "Can change content type", "content_type": 23, "codename": "change_contenttype"}}, {"model": "auth.permission", "pk": 91, "fields": {"name": "Can delete content type", "content_type": 23, "codename": "delete_contenttype"}}, {"model": "auth.permission", "pk": 92, "fields": {"name": "Can view content type", "content_type": 23, "codename": "view_contenttype"}}, {"model": "auth.permission", "pk": 93, "fields": {"name": "Can add session", "content_type": 24, "codename": "add_session"}}, {"model": "auth.permission", "pk": 94, "fields": {"name": "Can change session", "content_type": 24, "codename": "change_session"}}, {"model": "auth.permission", "pk": 95, "fields": {"name": "Can delete session", "content_type": 24, "codename": "delete_session"}}, {"model": "auth.permission", "pk": 96, "fields": {"name": "Can view session", "content_type": 24, "codename": "view_session"}}, {"model": "auth.user", "pk": 1, "fields": {"password": "pbkdf2_sha256$180000$aIO7RvKNNQBB$3RALJH6Ne7f6B+hoPuUNxaG88Qj795XpdBLZl/fq9Yc=", "last_login": "2020-06-30T16:11:46.662Z", "is_superuser": true, "username": "Jon", "first_name": "", "last_name": "", "email": "jselzer626@gmail.com", "is_staff": true, "is_active": true, "date_joined": "2020-06-25T19:57:03.798Z", "groups": [], "user_permissions": []}}, {"model": "auth.user", "pk": 2, "fields": {"password": "pbkdf2_sha256$180000$HjFNRirMnGC8$EELl4ZuKPMEy8N2DVol+iPk/VOLgQDdiBGR36s3WNe0=", "last_login": "2020-06-30T19:49:08.158Z", "is_superuser": false, "username": "cobb", "first_name": "", "last_name": "", "email": "cobb", "is_staff": false, "is_active": true, "date_joined": "2020-06-30T19:49:07.726Z", "groups": [], "user_permissions": []}}, {"model": "admin.logentry", "pk": 1, "fields": {"action_time": "2020-06-25T20:08:25.276Z", "user": 1, "content_type": 13, "object_id": "1", "object_repr": "Pasta", "action_flag": 1, "change_message": "[{\"added\": {}}]"}}, {"model": "admin.logentry", "pk": 2, "fields": {"action_time": "2020-06-25T20:08:27.973Z", "user": 1, "content_type": 13, "object_id": "2", "object_repr": "Pizza", "action_flag": 1, "change_message": "[{\"added\": {}}]"}}, {"model": "admin.logentry", "pk": 3, "fields": {"action_time": "2020-06-25T20:08:31.279Z", "user": 1, "content_type": 13, "object_id": "3", "object_repr": "Sandwiches", "action_flag": 1, "change_message": "[{\"added\": {}}]"}}, {"model": "admin.logentry", "pk": 4, "fields": {"action_time": "2020-06-25T20:08:34.172Z", "user": 1, "content_type": 13, "object_id": "4", "object_repr": "Platters", "action_flag": 1, "change_message": "[{\"added\": {}}]"}}, {"model": "admin.logentry", "pk": 5, "fields": {"action_time": "2020-06-25T20:08:36.219Z", "user": 1, "content_type": 13, "object_id": "5", "object_repr": "Salads", "action_flag": 1, "change_message": "[{\"added\": {}}]"}}, {"model": "admin.logentry", "pk": 6, "fields": {"action_time": "2020-06-25T21:47:06.137Z", "user": 1, "content_type": 14, "object_id": "1", "object_repr": "Mushrooms", "action_flag": 1, "change_message": "[{\"added\": {}}]"}}, {"model": "admin.logentry", "pk": 7, "fields": {"action_time": "2020-06-25T21:47:08.428Z", "user": 1, "content_type": 14, "object_id": "2", "object_repr": "Green Peppers", "action_flag": 1, "change_message": "[{\"added\": {}}]"}}, {"model": "admin.logentry", "pk": 8, "fields": {"action_time": "2020-06-25T21:47:10.251Z", "user": 1, "content_type": 14, "object_id": "3", "object_repr": "Onions", "action_flag": 1, "change_message": "[{\"added\": {}}]"}}, {"model": "admin.logentry", "pk": 9, "fields": {"action_time": "2020-06-25T21:47:17.426Z", "user": 1, "content_type": 17, "object_id": "1", "object_repr": "Pepperoni", "action_flag": 1, "change_message": "[{\"added\": {}}]"}}, {"model": "admin.logentry", "pk": 10, "fields": {"action_time": "2020-06-25T21:47:20.084Z", "user": 1, "content_type": 17, "object_id": "2", "object_repr": "Sausage", "action_flag": 1, "change_message": "[{\"added\": {}}]"}}, {"model": "admin.logentry", "pk": 11, "fields": {"action_time": "2020-06-25T21:47:21.873Z", "user": 1, "content_type": 17, "object_id": "3", "object_repr": "Mushrooms", "action_flag": 1, "change_message": "[{\"added\": {}}]"}}, {"model": "admin.logentry", "pk": 12, "fields": {"action_time": "2020-06-25T21:47:23.982Z", "user": 1, "content_type": 17, "object_id": "4", "object_repr": "Onions", "action_flag": 1, "change_message": "[{\"added\": {}}]"}}, {"model": "admin.logentry", "pk": 13, "fields": {"action_time": "2020-06-25T21:47:26.315Z", "user": 1, "content_type": 17, "object_id": "5", "object_repr": "Ham", "action_flag": 1, "change_message": "[{\"added\": {}}]"}}, {"model": "admin.logentry", "pk": 14, "fields": {"action_time": "2020-06-25T21:47:29.361Z", "user": 1, "content_type": 17, "object_id": "6", "object_repr": "Canadian Bacon", "action_flag": 1, "change_message": "[{\"added\": {}}]"}}, {"model": "admin.logentry", "pk": 15, "fields": {"action_time": "2020-06-25T21:47:31.628Z", "user": 1, "content_type": 17, "object_id": "7", "object_repr": "Pineapple", "action_flag": 1, "change_message": "[{\"added\": {}}]"}}, {"model": "admin.logentry", "pk": 16, "fields": {"action_time": "2020-06-25T21:47:34.335Z", "user": 1, "content_type": 17, "object_id": "8", "object_repr": "Eggplant", "action_flag": 1, "change_message": "[{\"added\": {}}]"}}, {"model": "admin.logentry", "pk": 17, "fields": {"action_time": "2020-06-25T21:47:37.526Z", "user": 1, "content_type": 17, "object_id": "9", "object_repr": "Tomato & Basil", "action_flag": 1, "change_message": "[{\"added\": {}}]"}}, {"model": "admin.logentry", "pk": 18, "fields": {"action_time": "2020-06-25T21:47:39.520Z", "user": 1, "content_type": 17, "object_id": "10", "object_repr": "Green Peppers", "action_flag": 1, "change_message": "[{\"added\": {}}]"}}, {"model": "admin.logentry", "pk": 19, "fields": {"action_time": "2020-06-25T21:47:41.772Z", "user": 1, "content_type": 17, "object_id": "11", "object_repr": "Hamburger", "action_flag": 1, "change_message": "[{\"added\": {}}]"}}, {"model": "admin.logentry", "pk": 20, "fields": {"action_time": "2020-06-25T21:47:44.616Z", "user": 1, "content_type": 17, "object_id": "12", "object_repr": "Spinach", "action_flag": 1, "change_message": "[{\"added\": {}}]"}}, {"model": "admin.logentry", "pk": 21, "fields": {"action_time": "2020-06-25T21:47:48.190Z", "user": 1, "content_type": 17, "object_id": "13", "object_repr": "Spinach", "action_flag": 1, "change_message": "[{\"added\": {}}]"}}, {"model": "admin.logentry", "pk": 22, "fields": {"action_time": "2020-06-25T21:47:50.481Z", "user": 1, "content_type": 17, "object_id": "14", "object_repr": "Artichoke", "action_flag": 1, "change_message": "[{\"added\": {}}]"}}, {"model": "admin.logentry", "pk": 23, "fields": {"action_time": "2020-06-25T21:47:52.912Z", "user": 1, "content_type": 17, "object_id": "15", "object_repr": "Artichoke", "action_flag": 1, "change_message": "[{\"added\": {}}]"}}, {"model": "admin.logentry", "pk": 24, "fields": {"action_time": "2020-06-25T21:47:57.778Z", "user": 1, "content_type": 17, "object_id": "16", "object_repr": "Buffalo Chicken", "action_flag": 1, "change_message": "[{\"added\": {}}]"}}, {"model": "admin.logentry", "pk": 25, "fields": {"action_time": "2020-06-25T21:48:00.203Z", "user": 1, "content_type": 17, "object_id": "17", "object_repr": "Barbecue Chicken", "action_flag": 1, "change_message": "[{\"added\": {}}]"}}, {"model": "admin.logentry", "pk": 26, "fields": {"action_time": "2020-06-25T21:48:03.273Z", "user": 1, "content_type": 17, "object_id": "18", "object_repr": "Anchovies", "action_flag": 1, "change_message": "[{\"added\": {}}]"}}, {"model": "admin.logentry", "pk": 27, "fields": {"action_time": "2020-06-25T21:48:05.485Z", "user": 1, "content_type": 17, "object_id": "19", "object_repr": "Fresh Garlic", "action_flag": 1, "change_message": "[{\"added\": {}}]"}}, {"model": "admin.logentry", "pk": 28, "fields": {"action_time": "2020-06-25T21:48:07.812Z", "user": 1, "content_type": 17, "object_id": "20", "object_repr": "Black Olives", "action_flag": 1, "change_message": "[{\"added\": {}}]"}}, {"model": "admin.logentry", "pk": 29, "fields": {"action_time": "2020-06-25T21:48:09.839Z", "user": 1, "content_type": 17, "object_id": "21", "object_repr": "Zucchini", "action_flag": 1, "change_message": "[{\"added\": {}}]"}}, {"model": "admin.logentry", "pk": 30, "fields": {"action_time": "2020-06-25T21:48:19.069Z", "user": 1, "content_type": 17, "object_id": "13", "object_repr": "Spinach", "action_flag": 3, "change_message": ""}}, {"model": "admin.logentry", "pk": 31, "fields": {"action_time": "2020-06-30T16:30:55.532Z", "user": 1, "content_type": 16, "object_id": "1", "object_repr": "Order #1 Total: 9.75", "action_flag": 3, "change_message": ""}}, {"model": "orders.order", "pk": 2, "fields": {"user": 1, "created": "2020-06-30T16:49:50.957Z", "lastUpdated": "2020-06-30T16:50:01.355Z", "checkedOut": true, "completed": false, "method": "Delivery", "total": "9.75"}}, {"model": "orders.order", "pk": 4, "fields": {"user": 1, "created": "2020-06-30T16:59:54.137Z", "lastUpdated": "2020-06-30T17:03:00.425Z", "checkedOut": true, "completed": true, "method": "Delivery", "total": "26.45"}}]